City_ID,City,Country,Date,Lat,Lng,Max Temp,Humidity,Cloudiness,Wind Speed
0,Zhigansk,RU,2022-02-05 03:11:42,66.7697,123.3711,-27.02,98,99,4.99
1,Bajil,YE,2022-02-05 03:11:43,15.0584,43.2851,74.14,82,75,3.24
2,Port Elizabeth,ZA,2022-02-05 03:11:43,-33.918,25.5701,67.1,79,94,7.83
3,Coquimbo,CL,2022-02-05 03:11:44,-29.9533,-71.3436,64.13,82,0,2.3
4,Ushuaia,AR,2022-02-05 03:11:26,-54.8,-68.3,46.06,81,0,11.5
5,Mar Del Plata,AR,2022-02-05 03:11:45,-38.0023,-57.5575,68.09,85,100,5.01
6,Butaritari,KI,2022-02-05 03:11:45,3.0707,172.7902,82.63,77,36,17.76
7,Jamestown,US,2022-02-05 03:11:45,42.097,-79.2353,20.52,51,100,4.61
8,Cape Town,ZA,2022-02-05 03:11:46,-33.9258,18.4232,65.88,68,0,3.0
9,Sharjah,AE,2022-02-05 03:11:46,25.3573,55.4033,67.24,72,1,8.05
10,Ilulissat,GL,2022-02-05 03:07:17,69.2167,-51.1,10.42,56,40,11.5
11,Khatanga,RU,2022-02-05 03:11:47,71.9667,102.5,-35.79,100,87,2.53
12,Mackay,AU,2022-02-05 03:11:47,-21.15,149.2,88.68,67,90,20.85
13,Ghanzi,BW,2022-02-05 03:11:47,-21.5667,21.7833,70.03,75,98,5.26
14,Qaanaaq,GL,2022-02-05 03:11:48,77.484,-69.3632,1.63,70,100,6.31
15,Mataura,NZ,2022-02-05 03:11:48,-46.1927,168.8643,58.48,37,7,4.9
16,Otavi,NA,2022-02-05 03:11:48,-19.65,17.3333,64.02,88,100,8.66
17,Albany,US,2022-02-05 03:07:27,42.6001,-73.9662,17.47,83,100,1.01
18,Atbasar,KZ,2022-02-05 03:11:49,51.8,68.3333,8.33,79,100,8.23
19,Kodiak,US,2022-02-05 03:11:49,57.79,-152.4072,38.71,87,100,0.0
20,Hobart,AU,2022-02-05 03:11:30,-42.8794,147.3294,69.22,60,75,9.22
21,Mahebourg,MU,2022-02-05 03:11:50,-20.4081,57.7,80.26,89,75,17.27
22,Terme,TR,2022-02-05 03:11:50,41.2092,36.9739,35.53,82,71,3.62
23,Lavrentiya,RU,2022-02-05 03:11:51,65.5833,-171.0,-10.21,83,2,9.42
24,Verkhnevilyuysk,RU,2022-02-05 03:11:51,63.4453,120.3167,-13.0,92,84,2.35
25,Ust-Kut,RU,2022-02-05 03:11:52,56.7938,105.7672,11.25,93,100,4.5
26,Castro,BR,2022-02-05 03:11:52,-24.7911,-50.0119,64.38,98,64,4.25
27,Busselton,AU,2022-02-05 03:11:53,-33.65,115.3333,102.04,29,10,8.88
28,Casper,US,2022-02-05 03:08:05,42.8666,-106.3131,28.99,46,0,27.63
29,Rikitea,PF,2022-02-05 03:11:53,-23.1203,-134.9692,79.07,68,4,8.14
30,Tsabong,BW,2022-02-05 03:11:54,-26.0217,22.401,75.07,36,38,9.24
31,Chuy,UY,2022-02-05 03:11:55,-33.6971,-53.4616,68.81,94,16,4.56
32,Upernavik,GL,2022-02-05 03:11:55,72.7868,-56.1549,4.06,95,100,14.52
33,Kununurra,AU,2022-02-05 03:11:16,-15.7667,128.7333,78.78,94,100,6.91
34,Liverpool,GB,2022-02-05 03:08:09,53.4106,-2.9779,42.76,84,20,5.01
35,Kapaa,US,2022-02-05 03:11:55,22.0752,-159.319,77.32,85,40,3.0
36,Saint-Philippe,RE,2022-02-05 03:11:56,-21.3585,55.7679,80.19,89,100,25.17
37,Berlevag,NO,2022-02-05 03:11:56,70.8578,29.0864,20.62,80,100,27.49
38,Tuatapere,NZ,2022-02-05 03:11:57,-46.1333,167.6833,58.82,53,24,8.99
39,Vaini,TO,2022-02-05 03:09:08,-21.2,-175.2,77.16,94,100,17.27
40,Hambantota,LK,2022-02-05 03:11:58,6.1241,81.1185,77.41,76,81,7.81
41,Sorrento,IT,2022-02-05 03:12:58,40.626,14.3744,54.66,76,89,8.46
42,Saint George,US,2022-02-05 03:11:33,37.1041,-113.5841,44.35,31,0,3.0
43,Clyde River,CA,2022-02-05 03:12:58,70.4692,-68.5914,-15.02,98,100,5.46
44,East London,ZA,2022-02-05 03:12:59,-33.0153,27.9116,68.27,90,100,8.46
45,Florence,IT,2022-02-05 03:12:59,43.7667,11.25,51.3,96,100,1.14
46,Tezu,IN,2022-02-05 03:12:59,27.9167,96.1667,55.27,98,100,2.55
47,Port Alfred,ZA,2022-02-05 03:13:00,-33.5906,26.891,69.1,82,94,9.89
48,Cherskiy,RU,2022-02-05 03:13:00,68.75,161.3,-29.94,96,9,3.53
49,Evanston,US,2022-02-05 03:11:05,42.0411,-87.6901,16.97,78,100,1.99
50,Bambous Virieux,MU,2022-02-05 03:13:01,-20.3428,57.7575,80.22,89,75,17.27
51,Kruisfontein,ZA,2022-02-05 03:13:01,-34.0033,24.7314,64.89,78,63,4.03
52,Boden,SE,2022-02-05 03:12:40,65.8252,21.6886,30.2,94,100,10.0
53,Woodward,US,2022-02-05 03:13:02,36.4337,-99.3904,23.92,80,0,10.36
54,Raudeberg,NO,2022-02-05 03:13:02,61.9875,5.1352,38.19,75,100,8.01
55,Graaff-Reinet,ZA,2022-02-05 03:13:02,-32.2522,24.5308,57.92,89,69,3.09
56,Hilo,US,2022-02-05 03:11:00,19.7297,-155.09,75.25,95,29,7.81
57,Moanda,GA,2022-02-05 03:13:03,-1.5575,13.2178,69.49,96,100,1.79
58,Egvekinot,RU,2022-02-05 03:13:03,66.3167,-179.1667,-4.81,70,0,11.81
59,Pangnirtung,CA,2022-02-05 03:13:03,66.1451,-65.7125,-25.64,99,100,1.92
60,Ostrovnoy,RU,2022-02-05 03:13:04,68.0531,39.5131,13.86,85,100,23.24
61,Okha,RU,2022-02-05 03:13:04,53.5739,142.9478,3.85,93,100,20.98
62,Vila Franca Do Campo,PT,2022-02-05 03:09:55,37.7167,-25.4333,59.2,78,100,8.59
63,Hithadhoo,MV,2022-02-05 03:13:05,-0.6,73.0833,81.79,73,99,11.63
64,Dikson,RU,2022-02-05 03:13:05,73.5069,80.5464,-1.71,92,100,4.99
65,Rio Cuarto,AR,2022-02-05 03:12:22,-33.1307,-64.3499,67.19,56,5,12.66
66,Avera,US,2022-02-05 03:13:06,33.194,-82.5271,49.71,83,100,15.26
67,Arraial Do Cabo,BR,2022-02-05 03:08:36,-22.9661,-42.0278,75.81,87,100,22.39
68,Terrace,CA,2022-02-05 03:13:06,54.5163,-128.6035,42.42,93,100,18.41
69,Trinidad,BO,2022-02-05 03:10:33,-14.8333,-64.9,74.84,92,97,6.49
70,Nikolskoye,RU,2022-02-05 03:13:07,59.7035,30.7861,18.39,88,100,12.44
71,Bluff,NZ,2022-02-05 03:13:07,-46.6,168.3333,58.8,57,53,5.08
72,Eucaliptus,BO,2022-02-05 03:13:07,-17.5833,-67.5167,48.36,70,100,6.2
73,Erzin,TR,2022-02-05 03:13:08,36.9559,36.2,41.52,71,0,2.55
74,Hovd,MN,2022-02-05 03:13:08,48.0056,91.6419,-7.53,80,6,1.25
75,Girona,ES,2022-02-05 03:13:09,41.9831,2.8249,55.11,97,100,3.44
76,Barrow,US,2022-02-05 03:13:09,71.2906,-156.7887,-18.38,76,100,4.61
77,Tuktoyaktuk,CA,2022-02-05 03:09:13,69.4541,-133.0374,-21.21,93,15,12.84
78,Campbell River,CA,2022-02-05 03:09:03,50.0163,-125.2446,42.6,97,81,5.99
79,Bayevo,RU,2022-02-05 03:13:10,53.2833,80.7667,-2.29,89,25,4.76
80,Yuzhno-Sukhokumsk,RU,2022-02-05 03:13:10,44.6581,45.6436,35.44,86,100,15.79
81,Revin,FR,2022-02-05 03:13:10,49.9404,4.635,37.2,97,57,6.26
82,Haines Junction,CA,2022-02-05 03:13:11,60.7522,-137.5108,1.92,99,100,2.1
83,Port Lincoln,AU,2022-02-05 03:13:12,-34.7333,135.8667,73.13,59,6,10.67
84,Rawson,AR,2022-02-05 03:10:28,-43.3002,-65.1023,58.64,59,80,17.83
85,Cockburn Town,TC,2022-02-05 03:13:12,21.4612,-71.1419,75.76,73,0,17.52
86,Vao,NC,2022-02-05 03:11:54,-22.6667,167.4833,80.35,86,100,10.96
87,Punta Arenas,CL,2022-02-05 03:13:55,-53.15,-70.9167,46.11,81,0,4.61
88,Nampula,MZ,2022-02-05 03:14:13,-15.1165,39.2666,68.16,95,100,2.57
89,Saskylakh,RU,2022-02-05 03:14:13,71.9167,114.0833,-9.9,99,99,5.48
90,Sassandra,CI,2022-02-05 03:14:13,4.95,-6.0833,77.34,88,10,2.46
91,Dingle,PH,2022-02-05 03:14:14,10.9995,122.6711,80.78,73,89,18.68
92,Golkoy,TR,2022-02-05 03:14:14,40.6875,37.6178,24.21,88,58,5.93
93,Namibe,AO,2022-02-05 03:14:14,-15.1961,12.1522,70.48,69,17,6.29
94,Atuona,PF,2022-02-05 03:14:15,-9.8,-139.0333,78.51,77,22,15.9
95,Choix,MX,2022-02-05 03:14:15,26.7092,-108.3219,61.63,38,0,3.29
96,Anadyr,RU,2022-02-05 03:12:39,64.75,177.4833,-6.02,79,0,4.81
97,Lerwick,GB,2022-02-05 03:14:16,60.1545,-1.1494,39.2,64,98,27.16
98,Zitlaltepec,MX,2022-02-05 03:14:16,19.2069,-97.9083,49.96,73,8,5.37
99,Tadine,NC,2022-02-05 03:14:16,-21.55,167.8833,81.05,86,98,16.37
100,Bethel,US,2022-02-05 03:14:17,41.3712,-73.414,30.56,82,100,8.05
101,Charters Towers,AU,2022-02-05 03:14:17,-20.1,146.2667,87.03,42,14,11.83
102,Bandarbeyla,SO,2022-02-05 03:13:05,9.4942,50.8122,71.91,75,0,3.78
103,Georgetown,MY,2022-02-05 03:11:24,5.4112,100.3354,84.13,76,20,8.05
104,Northam,GB,2022-02-05 03:12:34,51.0333,-4.2167,45.61,75,8,11.86
105,Brownwood,US,2022-02-05 03:14:18,31.7093,-98.9912,26.37,88,0,0.0
106,Kaeo,NZ,2022-02-05 03:13:10,-35.1,173.7833,75.33,90,57,13.0
107,Karratha,AU,2022-02-05 03:14:18,-20.7377,116.8463,93.38,52,49,19.1
108,Victoria,HK,2022-02-05 03:13:16,22.2855,114.1577,61.25,76,90,3.0
109,Mazatlan,MX,2022-02-05 03:14:19,23.2167,-106.4167,64.36,68,0,0.0
110,Eastlake,US,2022-02-05 03:14:19,41.6539,-81.4504,19.4,82,100,8.05
111,Chicama,PE,2022-02-05 03:14:20,-7.8447,-79.1469,71.37,75,58,6.33
112,Sai Buri,TH,2022-02-05 03:14:20,6.7013,101.6168,81.97,75,66,16.33
113,Hasaki,JP,2022-02-05 03:14:20,35.7333,140.8333,48.29,33,7,14.43
114,Hermanus,ZA,2022-02-05 03:14:21,-34.4187,19.2345,64.8,72,1,18.14
115,Guerrero Negro,MX,2022-02-05 03:11:49,27.9769,-114.0611,60.53,35,0,1.88
116,Babstovo,RU,2022-02-05 03:14:21,48.1167,132.4833,-2.24,84,94,5.21
117,Vila Praia De Ancora,PT,2022-02-05 03:14:22,41.811,-8.8526,51.12,84,73,9.51
118,Faya,SA,2022-02-05 03:14:22,18.3851,42.4509,52.32,92,25,5.7
119,Carnarvon,AU,2022-02-05 03:14:22,-24.8667,113.6333,96.78,37,10,8.16
120,Coihaique,CL,2022-02-05 03:10:41,-45.5752,-72.0662,57.15,72,0,3.44
121,Tiksi,RU,2022-02-05 03:14:23,71.6872,128.8694,-22.23,98,69,7.36
122,Vigrestad,NO,2022-02-05 03:14:23,58.5667,5.7,39.99,65,90,20.42
123,Gamba,GA,2022-02-05 03:12:32,-2.65,10.0,75.09,86,100,3.85
124,Bafq,IR,2022-02-05 03:14:24,31.6128,55.4107,61.38,36,98,6.11
125,Angoche,MZ,2022-02-05 03:14:24,-16.2325,39.9086,73.35,93,100,6.58
126,Hudson Bay,CA,2022-02-05 03:14:25,52.85,-102.3842,-5.15,98,100,5.53
127,Alugan,PH,2022-02-05 03:14:25,12.2188,125.4808,80.55,79,100,17.74
128,Kaitangata,NZ,2022-02-05 03:14:25,-46.2817,169.8464,57.29,54,15,8.5
129,Portland,US,2022-02-05 03:12:00,45.5234,-122.6762,49.62,88,75,1.99
130,Adrar,MR,2022-02-05 03:15:26,20.5022,-10.0711,62.76,12,0,9.73
131,Khanpur,PK,2022-02-05 03:15:26,28.6453,70.6567,55.65,48,0,7.74
132,Coahuayana,MX,2022-02-05 03:12:36,18.7333,-103.6833,68.18,79,3,3.0
133,Esperance,AU,2022-02-05 03:15:27,-33.8667,121.9,82.09,46,4,9.08
134,Revadanda,IN,2022-02-05 03:15:27,18.5503,72.9278,71.6,67,15,3.11
135,Padang,ID,2022-02-05 03:15:27,-0.9492,100.3543,80.65,72,86,0.27
136,Khelyulya,RU,2022-02-05 03:15:27,61.7333,30.6833,16.27,91,100,17.31
137,Ust-Nera,RU,2022-02-05 03:15:28,64.5667,143.2,-11.61,82,61,1.07
138,Parincea,RO,2022-02-05 03:15:28,46.4833,27.1,24.57,86,0,2.3
139,Alofi,NU,2022-02-05 03:15:24,-19.0595,-169.9187,76.89,94,100,5.75
140,Porbandar,IN,2022-02-05 03:15:29,21.6422,69.6093,62.58,72,2,5.75
141,Mayo,US,2022-02-05 03:15:29,38.8876,-76.5119,36.41,82,100,3.0
142,Hualmay,PE,2022-02-05 03:15:29,-11.0964,-77.6139,69.78,85,39,9.1
143,Soyo,AO,2022-02-05 03:15:30,-6.1349,12.3689,76.69,83,73,2.08
144,Gwembe,ZM,2022-02-05 03:13:58,-16.4975,27.6069,61.41,94,99,4.92
145,Tongliao,CN,2022-02-05 03:15:30,43.6125,122.2653,11.62,71,2,11.81
146,Krasnoarmeysk,RU,2022-02-05 03:15:30,51.0239,45.6969,13.12,95,85,10.07
147,Batsfjord,NO,2022-02-05 03:15:31,70.6345,29.7185,18.75,85,100,23.49
148,Cap-Aux-Meules,CA,2022-02-05 03:15:28,47.3821,-61.8597,23.05,93,100,29.93
149,Provideniya,RU,2022-02-05 03:15:31,64.3833,-173.3,0.07,68,1,10.18
150,Avarua,CK,2022-02-05 03:15:32,-21.2078,-159.775,82.45,74,20,13.8
151,La Ronge,CA,2022-02-05 03:15:32,55.1001,-105.2842,-7.35,71,100,9.22
152,Ponta Do Sol,PT,2022-02-05 03:15:32,32.6667,-17.1,64.71,68,89,4.05
153,Shangzhi,CN,2022-02-05 03:15:33,45.2167,127.9667,4.6,82,99,10.69
154,Torbay,CA,2022-02-05 03:15:33,47.6666,-52.7314,32.58,97,100,9.22
155,Ixtapa,MX,2022-02-05 03:15:33,20.7,-105.2,72.63,73,40,3.44
156,Inta,RU,2022-02-05 03:15:34,66.0317,60.1659,2.32,97,99,5.75
157,New Norfolk,AU,2022-02-05 03:15:34,-42.7826,147.0587,70.88,51,98,1.01
158,Mitsamiouli,KM,2022-02-05 03:15:34,-11.3847,43.2844,81.43,76,99,11.34
159,Gravdal,NO,2022-02-05 03:15:35,68.1214,13.5031,28.29,74,40,21.85
160,Nanortalik,GL,2022-02-05 03:15:35,60.1432,-45.2371,11.88,61,82,38.97
161,Cidreira,BR,2022-02-05 03:15:35,-30.1811,-50.2056,72.55,92,13,4.32
162,Ha Giang,VN,2022-02-05 03:15:36,22.8333,104.9833,59.65,80,100,2.84
163,Svetlaya,RU,2022-02-05 03:15:36,46.5389,138.3297,15.1,55,97,7.18
164,Ilo,PE,2022-02-05 03:15:36,-17.6394,-71.3375,69.73,81,76,5.84
165,Laredo,US,2022-02-05 03:11:53,27.5064,-99.5075,41.85,52,0,4.61
166,Faanui,PF,2022-02-05 03:11:38,-16.4833,-151.75,80.64,75,58,13.31
167,La Asuncion,VE,2022-02-05 03:15:37,11.0333,-63.8628,78.53,78,0,10.36
168,Luderitz,NA,2022-02-05 03:12:29,-26.6481,15.1594,68.63,71,90,4.41
169,Asfi,MA,2022-02-05 03:12:53,32.2994,-9.2372,61.36,58,83,13.51
170,Ngorongoro,TZ,2022-02-05 03:15:37,-3.2397,35.4875,53.1,89,100,2.48
171,San Patricio,US,2022-02-05 03:15:38,28.017,-97.5169,41.83,72,6,13.98
172,Pajapan,MX,2022-02-05 03:15:38,18.25,-94.7,62.55,82,100,15.17
173,Inuvik,CA,2022-02-05 03:15:38,68.3499,-133.7218,-19.44,76,0,4.61
174,Brae,GB,2022-02-05 03:15:39,60.3964,-1.353,39.11,66,100,24.63
175,Zhigansk,RU,2022-02-05 03:11:42,66.7697,123.3711,-27.02,98,99,4.99
176,Bajil,YE,2022-02-05 03:11:43,15.0584,43.2851,74.14,82,75,3.24
177,Port Elizabeth,ZA,2022-02-05 03:11:43,-33.918,25.5701,67.1,79,94,7.83
178,Coquimbo,CL,2022-02-05 03:11:44,-29.9533,-71.3436,64.13,82,0,2.3
179,Ushuaia,AR,2022-02-05 03:11:26,-54.8,-68.3,46.06,81,0,11.5
180,Mar Del Plata,AR,2022-02-05 03:11:45,-38.0023,-57.5575,68.09,85,100,5.01
181,Butaritari,KI,2022-02-05 03:11:45,3.0707,172.7902,82.63,77,36,17.76
182,Jamestown,US,2022-02-05 03:11:45,42.097,-79.2353,20.52,51,100,4.61
183,Cape Town,ZA,2022-02-05 03:11:46,-33.9258,18.4232,65.88,68,0,3.0
184,Sharjah,AE,2022-02-05 03:11:46,25.3573,55.4033,67.24,72,1,8.05
185,Ilulissat,GL,2022-02-05 03:07:17,69.2167,-51.1,10.42,56,40,11.5
186,Khatanga,RU,2022-02-05 03:11:47,71.9667,102.5,-35.79,100,87,2.53
187,Mackay,AU,2022-02-05 03:11:47,-21.15,149.2,88.68,67,90,20.85
188,Ghanzi,BW,2022-02-05 03:11:47,-21.5667,21.7833,70.03,75,98,5.26
189,Qaanaaq,GL,2022-02-05 03:11:48,77.484,-69.3632,1.63,70,100,6.31
190,Mataura,NZ,2022-02-05 03:11:48,-46.1927,168.8643,58.48,37,7,4.9
191,Otavi,NA,2022-02-05 03:11:48,-19.65,17.3333,64.02,88,100,8.66
192,Albany,US,2022-02-05 03:07:27,42.6001,-73.9662,17.47,83,100,1.01
193,Atbasar,KZ,2022-02-05 03:11:49,51.8,68.3333,8.33,79,100,8.23
194,Kodiak,US,2022-02-05 03:11:49,57.79,-152.4072,38.71,87,100,0.0
195,Hobart,AU,2022-02-05 03:11:30,-42.8794,147.3294,69.22,60,75,9.22
196,Mahebourg,MU,2022-02-05 03:11:50,-20.4081,57.7,80.26,89,75,17.27
197,Terme,TR,2022-02-05 03:11:50,41.2092,36.9739,35.53,82,71,3.62
198,Lavrentiya,RU,2022-02-05 03:11:51,65.5833,-171.0,-10.21,83,2,9.42
199,Verkhnevilyuysk,RU,2022-02-05 03:11:51,63.4453,120.3167,-13.0,92,84,2.35
200,Ust-Kut,RU,2022-02-05 03:11:52,56.7938,105.7672,11.25,93,100,4.5
201,Castro,BR,2022-02-05 03:11:52,-24.7911,-50.0119,64.38,98,64,4.25
202,Busselton,AU,2022-02-05 03:11:53,-33.65,115.3333,102.04,29,10,8.88
203,Casper,US,2022-02-05 03:08:05,42.8666,-106.3131,28.99,46,0,27.63
204,Rikitea,PF,2022-02-05 03:11:53,-23.1203,-134.9692,79.07,68,4,8.14
205,Tsabong,BW,2022-02-05 03:11:54,-26.0217,22.401,75.07,36,38,9.24
206,Chuy,UY,2022-02-05 03:11:55,-33.6971,-53.4616,68.81,94,16,4.56
207,Upernavik,GL,2022-02-05 03:11:55,72.7868,-56.1549,4.06,95,100,14.52
208,Kununurra,AU,2022-02-05 03:11:16,-15.7667,128.7333,78.78,94,100,6.91
209,Liverpool,GB,2022-02-05 03:08:09,53.4106,-2.9779,42.76,84,20,5.01
210,Kapaa,US,2022-02-05 03:11:55,22.0752,-159.319,77.32,85,40,3.0
211,Saint-Philippe,RE,2022-02-05 03:11:56,-21.3585,55.7679,80.19,89,100,25.17
212,Berlevag,NO,2022-02-05 03:11:56,70.8578,29.0864,20.62,80,100,27.49
213,Tuatapere,NZ,2022-02-05 03:11:57,-46.1333,167.6833,58.82,53,24,8.99
214,Vaini,TO,2022-02-05 03:09:08,-21.2,-175.2,77.16,94,100,17.27
215,Hambantota,LK,2022-02-05 03:11:58,6.1241,81.1185,77.41,76,81,7.81
216,Sorrento,IT,2022-02-05 03:12:58,40.626,14.3744,54.66,76,89,8.46
217,Saint George,US,2022-02-05 03:11:33,37.1041,-113.5841,44.35,31,0,3.0
218,Clyde River,CA,2022-02-05 03:12:58,70.4692,-68.5914,-15.02,98,100,5.46
219,East London,ZA,2022-02-05 03:12:59,-33.0153,27.9116,68.27,90,100,8.46
220,Florence,IT,2022-02-05 03:12:59,43.7667,11.25,51.3,96,100,1.14
221,Tezu,IN,2022-02-05 03:12:59,27.9167,96.1667,55.27,98,100,2.55
222,Port Alfred,ZA,2022-02-05 03:13:00,-33.5906,26.891,69.1,82,94,9.89
223,Cherskiy,RU,2022-02-05 03:13:00,68.75,161.3,-29.94,96,9,3.53
224,Evanston,US,2022-02-05 03:11:05,42.0411,-87.6901,16.97,78,100,1.99
225,Bambous Virieux,MU,2022-02-05 03:13:01,-20.3428,57.7575,80.22,89,75,17.27
226,Kruisfontein,ZA,2022-02-05 03:13:01,-34.0033,24.7314,64.89,78,63,4.03
227,Boden,SE,2022-02-05 03:12:40,65.8252,21.6886,30.2,94,100,10.0
228,Woodward,US,2022-02-05 03:13:02,36.4337,-99.3904,23.92,80,0,10.36
229,Raudeberg,NO,2022-02-05 03:13:02,61.9875,5.1352,38.19,75,100,8.01
230,Graaff-Reinet,ZA,2022-02-05 03:13:02,-32.2522,24.5308,57.92,89,69,3.09
231,Hilo,US,2022-02-05 03:11:00,19.7297,-155.09,75.25,95,29,7.81
232,Moanda,GA,2022-02-05 03:13:03,-1.5575,13.2178,69.49,96,100,1.79
233,Egvekinot,RU,2022-02-05 03:13:03,66.3167,-179.1667,-4.81,70,0,11.81
234,Pangnirtung,CA,2022-02-05 03:13:03,66.1451,-65.7125,-25.64,99,100,1.92
235,Ostrovnoy,RU,2022-02-05 03:13:04,68.0531,39.5131,13.86,85,100,23.24
236,Okha,RU,2022-02-05 03:13:04,53.5739,142.9478,3.85,93,100,20.98
237,Vila Franca Do Campo,PT,2022-02-05 03:09:55,37.7167,-25.4333,59.2,78,100,8.59
238,Hithadhoo,MV,2022-02-05 03:13:05,-0.6,73.0833,81.79,73,99,11.63
239,Dikson,RU,2022-02-05 03:13:05,73.5069,80.5464,-1.71,92,100,4.99
240,Rio Cuarto,AR,2022-02-05 03:12:22,-33.1307,-64.3499,67.19,56,5,12.66
241,Avera,US,2022-02-05 03:13:06,33.194,-82.5271,49.71,83,100,15.26
242,Arraial Do Cabo,BR,2022-02-05 03:08:36,-22.9661,-42.0278,75.81,87,100,22.39
243,Terrace,CA,2022-02-05 03:13:06,54.5163,-128.6035,42.42,93,100,18.41
244,Trinidad,BO,2022-02-05 03:10:33,-14.8333,-64.9,74.84,92,97,6.49
245,Nikolskoye,RU,2022-02-05 03:13:07,59.7035,30.7861,18.39,88,100,12.44
246,Bluff,NZ,2022-02-05 03:13:07,-46.6,168.3333,58.8,57,53,5.08
247,Eucaliptus,BO,2022-02-05 03:13:07,-17.5833,-67.5167,48.36,70,100,6.2
248,Erzin,TR,2022-02-05 03:13:08,36.9559,36.2,41.52,71,0,2.55
249,Hovd,MN,2022-02-05 03:13:08,48.0056,91.6419,-7.53,80,6,1.25
250,Girona,ES,2022-02-05 03:13:09,41.9831,2.8249,55.11,97,100,3.44
251,Barrow,US,2022-02-05 03:13:09,71.2906,-156.7887,-18.38,76,100,4.61
252,Tuktoyaktuk,CA,2022-02-05 03:09:13,69.4541,-133.0374,-21.21,93,15,12.84
253,Campbell River,CA,2022-02-05 03:09:03,50.0163,-125.2446,42.6,97,81,5.99
254,Bayevo,RU,2022-02-05 03:13:10,53.2833,80.7667,-2.29,89,25,4.76
255,Yuzhno-Sukhokumsk,RU,2022-02-05 03:13:10,44.6581,45.6436,35.44,86,100,15.79
256,Revin,FR,2022-02-05 03:13:10,49.9404,4.635,37.2,97,57,6.26
257,Haines Junction,CA,2022-02-05 03:13:11,60.7522,-137.5108,1.92,99,100,2.1
258,Port Lincoln,AU,2022-02-05 03:13:12,-34.7333,135.8667,73.13,59,6,10.67
259,Rawson,AR,2022-02-05 03:10:28,-43.3002,-65.1023,58.64,59,80,17.83
260,Cockburn Town,TC,2022-02-05 03:13:12,21.4612,-71.1419,75.76,73,0,17.52
261,Vao,NC,2022-02-05 03:11:54,-22.6667,167.4833,80.35,86,100,10.96
262,Punta Arenas,CL,2022-02-05 03:13:55,-53.15,-70.9167,46.11,81,0,4.61
263,Nampula,MZ,2022-02-05 03:14:13,-15.1165,39.2666,68.16,95,100,2.57
264,Saskylakh,RU,2022-02-05 03:14:13,71.9167,114.0833,-9.9,99,99,5.48
265,Sassandra,CI,2022-02-05 03:14:13,4.95,-6.0833,77.34,88,10,2.46
266,Dingle,PH,2022-02-05 03:14:14,10.9995,122.6711,80.78,73,89,18.68
267,Golkoy,TR,2022-02-05 03:14:14,40.6875,37.6178,24.21,88,58,5.93
268,Namibe,AO,2022-02-05 03:14:14,-15.1961,12.1522,70.48,69,17,6.29
269,Atuona,PF,2022-02-05 03:14:15,-9.8,-139.0333,78.51,77,22,15.9
270,Choix,MX,2022-02-05 03:14:15,26.7092,-108.3219,61.63,38,0,3.29
271,Anadyr,RU,2022-02-05 03:12:39,64.75,177.4833,-6.02,79,0,4.81
272,Lerwick,GB,2022-02-05 03:14:16,60.1545,-1.1494,39.2,64,98,27.16
273,Zitlaltepec,MX,2022-02-05 03:14:16,19.2069,-97.9083,49.96,73,8,5.37
274,Tadine,NC,2022-02-05 03:14:16,-21.55,167.8833,81.05,86,98,16.37
275,Bethel,US,2022-02-05 03:14:17,41.3712,-73.414,30.56,82,100,8.05
276,Charters Towers,AU,2022-02-05 03:14:17,-20.1,146.2667,87.03,42,14,11.83
277,Bandarbeyla,SO,2022-02-05 03:13:05,9.4942,50.8122,71.91,75,0,3.78
278,Georgetown,MY,2022-02-05 03:11:24,5.4112,100.3354,84.13,76,20,8.05
279,Northam,GB,2022-02-05 03:12:34,51.0333,-4.2167,45.61,75,8,11.86
280,Brownwood,US,2022-02-05 03:14:18,31.7093,-98.9912,26.37,88,0,0.0
281,Kaeo,NZ,2022-02-05 03:13:10,-35.1,173.7833,75.33,90,57,13.0
282,Karratha,AU,2022-02-05 03:14:18,-20.7377,116.8463,93.38,52,49,19.1
283,Victoria,HK,2022-02-05 03:13:16,22.2855,114.1577,61.25,76,90,3.0
284,Mazatlan,MX,2022-02-05 03:14:19,23.2167,-106.4167,64.36,68,0,0.0
285,Eastlake,US,2022-02-05 03:14:19,41.6539,-81.4504,19.4,82,100,8.05
286,Chicama,PE,2022-02-05 03:14:20,-7.8447,-79.1469,71.37,75,58,6.33
287,Sai Buri,TH,2022-02-05 03:14:20,6.7013,101.6168,81.97,75,66,16.33
288,Hasaki,JP,2022-02-05 03:14:20,35.7333,140.8333,48.29,33,7,14.43
289,Hermanus,ZA,2022-02-05 03:14:21,-34.4187,19.2345,64.8,72,1,18.14
290,Guerrero Negro,MX,2022-02-05 03:11:49,27.9769,-114.0611,60.53,35,0,1.88
291,Babstovo,RU,2022-02-05 03:14:21,48.1167,132.4833,-2.24,84,94,5.21
292,Vila Praia De Ancora,PT,2022-02-05 03:14:22,41.811,-8.8526,51.12,84,73,9.51
293,Faya,SA,2022-02-05 03:14:22,18.3851,42.4509,52.32,92,25,5.7
294,Carnarvon,AU,2022-02-05 03:14:22,-24.8667,113.6333,96.78,37,10,8.16
295,Coihaique,CL,2022-02-05 03:10:41,-45.5752,-72.0662,57.15,72,0,3.44
296,Tiksi,RU,2022-02-05 03:14:23,71.6872,128.8694,-22.23,98,69,7.36
297,Vigrestad,NO,2022-02-05 03:14:23,58.5667,5.7,39.99,65,90,20.42
298,Gamba,GA,2022-02-05 03:12:32,-2.65,10.0,75.09,86,100,3.85
299,Bafq,IR,2022-02-05 03:14:24,31.6128,55.4107,61.38,36,98,6.11
300,Angoche,MZ,2022-02-05 03:14:24,-16.2325,39.9086,73.35,93,100,6.58
301,Hudson Bay,CA,2022-02-05 03:14:25,52.85,-102.3842,-5.15,98,100,5.53
302,Alugan,PH,2022-02-05 03:14:25,12.2188,125.4808,80.55,79,100,17.74
303,Kaitangata,NZ,2022-02-05 03:14:25,-46.2817,169.8464,57.29,54,15,8.5
304,Portland,US,2022-02-05 03:12:00,45.5234,-122.6762,49.62,88,75,1.99
305,Adrar,MR,2022-02-05 03:15:26,20.5022,-10.0711,62.76,12,0,9.73
306,Khanpur,PK,2022-02-05 03:15:26,28.6453,70.6567,55.65,48,0,7.74
307,Coahuayana,MX,2022-02-05 03:12:36,18.7333,-103.6833,68.18,79,3,3.0
308,Esperance,AU,2022-02-05 03:15:27,-33.8667,121.9,82.09,46,4,9.08
309,Revadanda,IN,2022-02-05 03:15:27,18.5503,72.9278,71.6,67,15,3.11
310,Padang,ID,2022-02-05 03:15:27,-0.9492,100.3543,80.65,72,86,0.27
311,Khelyulya,RU,2022-02-05 03:15:27,61.7333,30.6833,16.27,91,100,17.31
312,Ust-Nera,RU,2022-02-05 03:15:28,64.5667,143.2,-11.61,82,61,1.07
313,Parincea,RO,2022-02-05 03:15:28,46.4833,27.1,24.57,86,0,2.3
314,Alofi,NU,2022-02-05 03:15:24,-19.0595,-169.9187,76.89,94,100,5.75
315,Porbandar,IN,2022-02-05 03:15:29,21.6422,69.6093,62.58,72,2,5.75
316,Mayo,US,2022-02-05 03:15:29,38.8876,-76.5119,36.41,82,100,3.0
317,Hualmay,PE,2022-02-05 03:15:29,-11.0964,-77.6139,69.78,85,39,9.1
318,Soyo,AO,2022-02-05 03:15:30,-6.1349,12.3689,76.69,83,73,2.08
319,Gwembe,ZM,2022-02-05 03:13:58,-16.4975,27.6069,61.41,94,99,4.92
320,Tongliao,CN,2022-02-05 03:15:30,43.6125,122.2653,11.62,71,2,11.81
321,Krasnoarmeysk,RU,2022-02-05 03:15:30,51.0239,45.6969,13.12,95,85,10.07
322,Batsfjord,NO,2022-02-05 03:15:31,70.6345,29.7185,18.75,85,100,23.49
323,Cap-Aux-Meules,CA,2022-02-05 03:15:28,47.3821,-61.8597,23.05,93,100,29.93
324,Provideniya,RU,2022-02-05 03:15:31,64.3833,-173.3,0.07,68,1,10.18
325,Avarua,CK,2022-02-05 03:15:32,-21.2078,-159.775,82.45,74,20,13.8
326,La Ronge,CA,2022-02-05 03:15:32,55.1001,-105.2842,-7.35,71,100,9.22
327,Ponta Do Sol,PT,2022-02-05 03:15:32,32.6667,-17.1,64.71,68,89,4.05
328,Shangzhi,CN,2022-02-05 03:15:33,45.2167,127.9667,4.6,82,99,10.69
329,Torbay,CA,2022-02-05 03:15:33,47.6666,-52.7314,32.58,97,100,9.22
330,Ixtapa,MX,2022-02-05 03:15:33,20.7,-105.2,72.63,73,40,3.44
331,Inta,RU,2022-02-05 03:15:34,66.0317,60.1659,2.32,97,99,5.75
332,New Norfolk,AU,2022-02-05 03:15:34,-42.7826,147.0587,70.88,51,98,1.01
333,Mitsamiouli,KM,2022-02-05 03:15:34,-11.3847,43.2844,81.43,76,99,11.34
334,Gravdal,NO,2022-02-05 03:15:35,68.1214,13.5031,28.29,74,40,21.85
335,Nanortalik,GL,2022-02-05 03:15:35,60.1432,-45.2371,11.88,61,82,38.97
336,Cidreira,BR,2022-02-05 03:15:35,-30.1811,-50.2056,72.55,92,13,4.32
337,Ha Giang,VN,2022-02-05 03:15:36,22.8333,104.9833,59.65,80,100,2.84
338,Svetlaya,RU,2022-02-05 03:15:36,46.5389,138.3297,15.1,55,97,7.18
339,Ilo,PE,2022-02-05 03:15:36,-17.6394,-71.3375,69.73,81,76,5.84
340,Laredo,US,2022-02-05 03:11:53,27.5064,-99.5075,41.85,52,0,4.61
341,Faanui,PF,2022-02-05 03:11:38,-16.4833,-151.75,80.64,75,58,13.31
342,La Asuncion,VE,2022-02-05 03:15:37,11.0333,-63.8628,78.53,78,0,10.36
343,Luderitz,NA,2022-02-05 03:12:29,-26.6481,15.1594,68.63,71,90,4.41
344,Asfi,MA,2022-02-05 03:12:53,32.2994,-9.2372,61.36,58,83,13.51
345,Ngorongoro,TZ,2022-02-05 03:15:37,-3.2397,35.4875,53.1,89,100,2.48
346,San Patricio,US,2022-02-05 03:15:38,28.017,-97.5169,41.83,72,6,13.98
347,Pajapan,MX,2022-02-05 03:15:38,18.25,-94.7,62.55,82,100,15.17
348,Inuvik,CA,2022-02-05 03:15:38,68.3499,-133.7218,-19.44,76,0,4.61
349,Brae,GB,2022-02-05 03:15:39,60.3964,-1.353,39.11,66,100,24.63
350,Kuusamo,FI,2022-02-05 03:21:07,65.9667,29.1833,15.84,92,100,13.8
351,Cabo San Lucas,MX,2022-02-05 03:17:39,22.8909,-109.9124,67.51,70,20,0.0
352,Darhan,MN,2022-02-05 03:21:08,49.4867,105.9228,-0.81,88,19,5.68
353,Kiruna,SE,2022-02-05 03:21:08,67.8557,20.2251,5.92,85,100,2.3
354,Dire,ML,2022-02-05 03:21:09,12.2833,-10.9667,72.05,16,0,2.19
355,Ancud,CL,2022-02-05 03:16:34,-41.8697,-73.8203,53.42,91,10,3.13
356,San Ramon,US,2022-02-05 03:21:04,37.7799,-121.978,56.37,67,0,1.99
357,Pritomskiy,RU,2022-02-05 03:21:09,53.7724,87.6082,1.92,97,66,3.04
358,Olafsvik,IS,2022-02-05 03:20:20,64.8945,-23.7142,27.23,65,100,22.55
359,Phalombe,MW,2022-02-05 03:21:10,-15.8064,35.6507,66.72,90,100,1.63
360,Lebu,CL,2022-02-05 03:21:10,-37.6167,-73.65,57.76,85,78,17.02
361,Mabaruma,GY,2022-02-05 03:21:11,8.2,-59.7833,73.09,91,11,3.2
362,Springbok,ZA,2022-02-05 03:16:56,-29.6643,17.8865,72.82,37,0,4.38
363,Bekhteyevka,RU,2022-02-05 03:21:11,50.8072,37.2085,18.5,97,40,7.09
364,Umm Kaddadah,SD,2022-02-05 03:21:12,13.6017,26.6876,56.79,27,1,18.84
365,Yellowknife,CA,2022-02-05 03:21:12,62.456,-114.3525,-26.45,76,100,8.05
366,Vostok,RU,2022-02-05 03:21:12,46.4856,135.8833,-0.06,85,100,5.57
367,Khromtau,KZ,2022-02-05 03:21:13,50.2503,58.4347,17.98,94,100,13.78
368,Yangjiang,CN,2022-02-05 03:21:13,21.85,111.9667,55.94,56,5,10.92
369,Bredasdorp,ZA,2022-02-05 03:21:14,-34.5322,20.0403,64.27,74,45,12.28
370,Pisco,PE,2022-02-05 03:21:05,-13.7,-76.2167,66.25,82,0,8.05
371,Aswan,EG,2022-02-05 03:21:14,24.0934,32.907,48.9,57,0,9.01
372,Tampilisan,PH,2022-02-05 03:21:15,8.0167,122.6833,84.15,65,69,7.81
373,Severnyy,RU,2022-02-05 03:21:15,50.677,36.5532,17.64,100,100,11.18
374,Deputatskiy,RU,2022-02-05 03:21:15,69.3,139.9,-26.36,99,75,2.77
375,Shiyan,CN,2022-02-05 03:21:16,32.6475,110.7781,45.41,54,91,6.73
376,Jaroslaw,PL,2022-02-05 03:21:16,50.0162,22.6778,36.91,76,100,16.13
377,Abnub,EG,2022-02-05 03:21:16,27.2696,31.1511,47.86,69,6,8.1
378,Cap Malheureux,MU,2022-02-05 03:21:17,-19.9842,57.6142,80.47,80,100,11.99
379,Lovozero,RU,2022-02-05 03:21:17,68.005,35.0117,10.9,91,100,14.83
380,Constitucion,CL,2022-02-05 03:21:17,-35.3333,-72.4167,58.15,88,2,11.81
381,Klaksvik,FO,2022-02-05 03:21:18,62.2266,-6.589,34.72,56,97,18.23
382,Zinder,NE,2022-02-05 03:21:18,13.8072,8.9881,55.65,20,0,11.21
383,Lagoa,PT,2022-02-05 03:21:18,39.05,-27.9833,57.67,83,81,19.57
384,Port Blair,IN,2022-02-05 03:17:04,11.6667,92.75,84.24,74,40,6.91
385,Ranaghat,IN,2022-02-05 03:21:19,23.1833,88.5833,66.06,69,13,9.37
386,Quelimane,MZ,2022-02-05 03:21:20,-17.8786,36.8883,76.95,100,20,5.75
387,Oksfjord,NO,2022-02-05 03:21:20,70.2396,22.3479,20.32,92,55,14.0
388,Severo-Kurilsk,RU,2022-02-05 03:21:20,50.6789,156.125,31.26,85,92,9.22
389,Otjimbingwe,NA,2022-02-05 03:21:21,-22.35,16.1333,71.15,58,87,5.28
390,Awjilah,LY,2022-02-05 03:21:21,29.1081,21.2869,49.23,75,0,6.87
391,Ribeira Grande,PT,2022-02-05 03:21:21,38.5167,-28.7,58.93,82,25,12.88
392,Alta Floresta,BR,2022-02-05 03:21:22,-9.8756,-56.0861,71.47,96,51,2.53
393,Bumba,CD,2022-02-05 03:21:22,2.1833,22.4667,70.02,51,100,3.31
394,Serra Talhada,BR,2022-02-05 03:21:22,-7.9919,-38.2983,79.02,44,98,5.55
395,Muli,MV,2022-02-05 03:21:23,2.9167,73.5667,82.0,72,11,9.57
396,Karasjok,NO,2022-02-05 03:21:23,69.4719,25.5112,14.11,94,100,20.71
397,Port Hedland,AU,2022-02-05 03:19:19,-20.3167,118.5667,93.25,62,38,19.57
398,Meulaboh,ID,2022-02-05 03:22:24,4.1363,96.1285,81.52,72,85,3.58
399,Longyearbyen,SJ,2022-02-05 03:22:24,78.2186,15.6401,13.84,57,20,26.46
400,Karoi,ZW,2022-02-05 03:22:25,-16.8099,29.6925,63.79,94,100,5.01
401,Yulara,AU,2022-02-05 03:22:25,-25.2406,130.9889,82.24,23,0,11.5
402,Ayan,RU,2022-02-05 03:22:25,56.45,138.1667,-0.89,66,52,14.16
403,Kota Kinabalu,MY,2022-02-05 03:19:16,5.9749,116.0724,85.98,70,20,5.75
404,Sangar,RU,2022-02-05 03:22:26,63.9242,127.4739,-28.12,96,97,1.48
405,Karaj,IR,2022-02-05 03:22:26,35.8355,51.0103,39.72,87,75,13.8
406,Isla Vista,US,2022-02-05 03:22:27,34.4133,-119.861,58.6,48,0,3.44
407,Vestmannaeyjar,IS,2022-02-05 03:22:27,63.4427,-20.2734,31.91,74,100,30.67
408,Port Hardy,CA,2022-02-05 03:19:40,50.6996,-127.4199,45.75,93,100,6.91
409,Zhangjiakou,CN,2022-02-05 03:22:27,40.81,114.8794,14.02,43,1,6.04
410,Tutoia,BR,2022-02-05 03:22:28,-2.7619,-42.2744,78.78,87,100,8.88
411,Truro,GB,2022-02-05 03:22:28,50.2653,-5.0544,45.68,70,40,11.5
412,Wanning,CN,2022-02-05 03:22:29,18.8003,110.3967,66.31,82,100,11.32
413,Madinat Sittah Uktubar,EG,2022-02-05 03:22:29,29.8167,31.05,51.4,71,12,9.15
414,Westport,US,2022-02-05 03:22:29,41.1415,-73.3579,31.77,86,100,1.01
415,Mundo Nuevo,MX,2022-02-05 03:22:30,18.7,-95.5,62.67,83,100,30.96
416,Komsomolskiy,UZ,2022-02-05 03:22:30,40.4272,71.7189,29.62,63,100,6.91
417,Saint-Pierre,RE,2022-02-05 03:22:30,-21.3393,55.4781,82.08,65,100,8.05
418,Ajdabiya,LY,2022-02-05 03:22:31,30.7554,20.2263,51.87,75,0,4.94
419,Warmbad,NA,2022-02-05 03:21:20,-28.45,18.7333,80.87,37,57,4.0
420,Poum,NC,2022-02-05 03:22:31,-20.2333,164.0167,81.5,76,99,15.79
421,Pevek,RU,2022-02-05 03:22:31,69.7008,170.3133,-24.77,99,99,5.73
422,Sakakah,SA,2022-02-05 03:19:21,29.9697,40.2064,44.17,70,4,11.3
423,Abu Zabad,SD,2022-02-05 03:22:32,12.35,29.25,59.2,22,63,16.91
424,Kayerkan,RU,2022-02-05 03:22:32,69.3497,87.7602,-7.94,97,94,4.5
425,Hamilton,US,2022-02-05 03:22:33,39.1834,-84.5333,18.45,80,40,4.61
426,Aklavik,CA,2022-02-05 03:22:33,68.2191,-135.0107,-19.48,90,6,17.67
427,Nome,US,2022-02-05 03:17:56,64.5011,-165.4064,3.27,66,20,6.91
428,Linda,US,2022-02-05 03:22:34,39.1277,-121.5508,56.19,73,0,3.44
429,Mandla,IN,2022-02-05 03:22:34,22.6,80.3833,59.02,29,0,3.15
430,Iqaluit,CA,2022-02-05 03:22:34,63.7506,-68.5145,-18.67,57,75,3.44
431,Khor,RU,2022-02-05 03:22:35,47.8861,134.9464,-3.96,92,100,7.16
432,Zhangye,CN,2022-02-05 03:22:35,38.9342,100.4517,20.52,30,100,3.15
433,Salihorsk,BY,2022-02-05 03:22:36,52.7876,27.5415,24.35,96,100,11.27
434,Visby,SE,2022-02-05 03:22:36,57.6409,18.296,35.82,93,100,11.5
435,Ulladulla,AU,2022-02-05 03:22:36,-35.35,150.4667,70.77,58,36,14.25
436,Zyryanka,RU,2022-02-05 03:22:37,65.75,150.85,-28.41,98,100,1.5
437,Kargasok,RU,2022-02-05 03:22:37,59.0556,80.8572,21.94,94,100,11.72
438,Tonosho,JP,2022-02-05 03:22:37,34.4833,134.1833,42.62,44,69,26.24
439,Mbamba,NG,2022-02-05 03:22:38,9.9833,13.1,62.78,25,88,4.05
440,New Plymouth,NZ,2022-02-05 03:18:03,-39.0667,174.0833,69.57,97,100,1.01
441,Half Moon Bay,US,2022-02-05 03:22:39,37.4636,-122.4286,56.98,64,0,3.44
442,Arys,KZ,2022-02-05 03:23:39,42.4252,68.795,32.22,44,82,3.22
443,Saint-Francois,FR,2022-02-05 03:23:39,46.4154,3.9054,39.42,91,100,6.91
444,Sinnamary,GF,2022-02-05 03:23:40,5.3833,-52.95,75.7,90,95,8.39
445,Acapulco,MX,2022-02-05 03:20:19,16.8634,-99.8901,75.02,83,20,0.0
446,Los Llanos De Aridane,ES,2022-02-05 03:23:41,28.6585,-17.9182,59.13,76,0,4.0
447,Broome,US,2022-02-05 03:23:41,42.2506,-75.833,16.7,89,100,3.0
448,Yar-Sale,RU,2022-02-05 03:23:41,66.8333,70.8333,-1.53,100,90,5.66
449,Ballina,AU,2022-02-05 03:23:42,-28.8667,153.5667,78.98,69,100,21.85
450,Shikhany,RU,2022-02-05 03:23:42,52.1167,47.2167,23.02,96,100,4.43
451,Borogontsy,RU,2022-02-05 03:23:43,62.6683,131.1683,-26.59,95,96,2.44
452,Airai,TL,2022-02-05 03:23:43,-8.9266,125.4092,71.83,71,97,2.68
453,Save,BJ,2022-02-05 03:23:43,8.0425,2.486,76.95,61,0,2.04
454,Puerto Ayora,EC,2022-02-05 03:19:00,-0.7393,-90.3518,75.54,92,56,5.01
455,Yarmouth,US,2022-02-05 03:23:44,41.7057,-70.2286,35.04,96,100,14.97
456,Loandjili,CG,2022-02-05 03:23:44,-4.7561,11.8578,77.11,88,75,4.61
457,Kampene,CD,2022-02-05 03:23:45,-3.6,26.6667,65.77,99,99,2.17
458,Port Moresby,PG,2022-02-05 03:23:45,-9.4431,147.1797,90.82,55,40,17.27
459,Beringovskiy,RU,2022-02-05 03:23:45,63.05,179.3167,-8.21,87,58,12.19
460,San Juan,AR,2022-02-05 03:18:52,-31.5375,-68.5364,78.98,29,0,6.6
461,Slave Lake,CA,2022-02-05 03:18:49,55.2834,-114.769,3.18,85,100,4.61
462,Souillac,MU,2022-02-05 03:23:46,-20.5167,57.5167,80.37,89,75,17.27
463,Saldanha,ZA,2022-02-05 03:23:46,-33.0117,17.9442,59.05,73,0,9.33
464,River Falls,US,2022-02-05 03:19:28,44.8614,-92.6238,1.98,80,14,5.77
465,Cuencame,MX,2022-02-05 03:23:47,24.8711,-103.6964,40.17,50,0,5.37
466,Ambulu,ID,2022-02-05 03:23:47,-8.345,113.6058,82.09,71,94,0.58
467,Russas,BR,2022-02-05 03:23:48,-4.9403,-37.9758,78.17,77,49,6.78
468,Sorland,NO,2022-02-05 03:23:48,67.667,12.6934,28.47,88,100,26.98
469,Narsaq,GL,2022-02-05 03:23:48,60.9167,-46.05,-0.47,52,0,15.93
470,Cairns,AU,2022-02-05 03:23:49,-16.9167,145.7667,88.29,79,75,12.66
471,Grand Forks,US,2022-02-05 03:23:10,47.9417,-97.4337,-4.07,76,100,9.22
472,Borba,BR,2022-02-05 03:23:49,-4.3878,-59.5939,73.33,99,100,2.39
473,Rio Grande,BR,2022-02-05 03:23:50,-32.035,-52.0986,73.51,94,0,7.83
474,Chapayevka,UA,2022-02-05 03:23:50,47.4711,36.3451,19.83,97,90,6.78
475,Yokadouma,CM,2022-02-05 03:23:50,3.5167,15.05,64.56,27,100,2.48
476,Sao Gabriel Da Cachoeira,BR,2022-02-05 03:23:51,-0.1303,-67.0892,72.64,98,100,1.1
477,Chokurdakh,RU,2022-02-05 03:23:51,70.6333,147.9167,-30.24,100,12,1.39
478,Zaraza,VE,2022-02-05 03:23:52,9.3503,-65.3245,75.49,75,4,10.07
479,Hargeysa,SO,2022-02-05 03:23:52,9.56,44.065,55.69,30,5,4.72
480,San Ignacio,BZ,2022-02-05 03:23:52,17.1561,-89.0714,69.94,94,75,6.91
481,Calais,FR,2022-02-05 03:23:53,50.9167,1.8333,42.8,82,1,15.48
482,Tasiilaq,GL,2022-02-05 03:23:53,65.6145,-37.6368,24.96,69,100,42.46
483,Praia,CV,2022-02-05 03:23:53,14.9215,-23.5087,68.54,83,0,11.5
484,Eldorado,BR,2022-02-05 03:23:54,-23.7869,-54.2836,76.08,94,33,6.38
485,Dindori,IN,2022-02-05 03:23:54,22.95,81.0833,58.06,29,0,3.53
486,Tabuk,PH,2022-02-05 03:23:52,17.4189,121.4443,75.22,78,94,8.25
487,Kahului,US,2022-02-05 03:23:55,20.8947,-156.47,79.86,79,40,12.66
488,Fortuna,US,2022-02-05 03:24:55,40.5982,-124.1573,47.19,93,100,1.99
489,Bubaque,GW,2022-02-05 03:24:56,11.2833,-15.8333,77.7,65,0,8.03
490,Itoman,JP,2022-02-05 03:24:56,26.1247,127.6694,62.98,56,75,20.71
491,Necochea,AR,2022-02-05 03:24:56,-38.5473,-58.7368,63.03,75,100,7.49
492,Providencia,MX,2022-02-05 03:21:19,28.7167,-111.5833,65.86,47,0,15.26
493,Port-Gentil,GA,2022-02-05 03:24:57,-0.7193,8.7815,79.45,80,57,7.67
494,Vila,PT,2022-02-05 03:24:57,42.0304,-8.1588,40.33,85,83,4.68
495,Thompson,CA,2022-02-05 03:24:33,55.7435,-97.8558,-21.84,76,0,4.61
496,Polovinnoye,RU,2022-02-05 03:24:58,54.7914,65.9864,20.03,81,100,10.16
497,Linqiong,CN,2022-02-05 03:24:58,30.4159,103.4609,42.62,85,99,3.38
498,Biak,ID,2022-02-05 03:24:59,-0.9131,122.8766,84.16,66,98,2.93
499,Alice Springs,AU,2022-02-05 03:24:59,-23.7,133.8833,78.35,31,0,11.5
500,Havre-Saint-Pierre,CA,2022-02-05 03:24:59,50.2334,-63.5986,3.79,65,100,11.5
501,Goure,NE,2022-02-05 03:25:00,13.9835,10.2704,55.53,23,2,12.41
502,Sao Raimundo Nonato,BR,2022-02-05 03:25:00,-9.0153,-42.6994,77.05,59,98,2.48
503,Talnakh,RU,2022-02-05 03:25:01,69.4865,88.3972,-7.64,97,92,4.7
504,Susanville,US,2022-02-05 03:22:53,40.4163,-120.653,34.66,68,0,1.99
505,Progreso,MX,2022-02-05 03:25:01,21.2833,-89.6667,76.1,88,78,10.4
506,Xichang,CN,2022-02-05 03:25:02,27.8964,102.2634,50.86,61,12,3.0
507,Faridabad,IN,2022-02-05 03:20:32,28.4333,77.3167,48.31,80,0,1.88
508,Panama City,PA,2022-02-05 03:20:30,8.9936,-79.5197,78.75,77,0,8.05
509,Butterworth,MY,2022-02-05 03:25:03,5.3991,100.3638,86.04,78,20,3.44
510,Chara,RU,2022-02-05 03:25:03,56.9064,118.2631,-7.58,88,87,0.94
511,Chumikan,RU,2022-02-05 03:25:04,54.7183,135.315,2.16,72,100,14.99
512,Kashi,CN,2022-02-05 03:21:06,39.4547,75.9797,30.25,80,40,8.95
513,Murakami,JP,2022-02-05 03:25:04,38.2333,139.4833,33.69,68,100,21.16
514,Santa Cruz,BO,2022-02-05 03:24:55,-17.8,-63.1667,74.66,94,75,13.8
515,Tselinnoye,RU,2022-02-05 03:25:05,53.0833,85.6667,-4.83,100,69,2.93
516,Hervey Bay,AU,2022-02-05 03:25:05,-25.2986,152.8535,84.31,60,23,13.0
517,Norman Wells,CA,2022-02-05 03:25:06,65.282,-126.8329,-7.56,64,40,25.32
518,Cuauhtemoc,MX,2022-02-05 03:25:06,28.4167,-106.8667,29.71,39,0,10.18
519,Kuantan,MY,2022-02-05 03:25:06,3.8077,103.326,80.71,89,40,4.61
520,Bengkulu,ID,2022-02-05 03:24:50,-3.8004,102.2655,76.21,86,100,3.76
521,Rockland,US,2022-02-05 03:25:07,41.1668,-74.0496,29.48,89,100,1.01
522,Buala,SB,2022-02-05 03:25:07,-8.145,159.5921,83.71,78,100,9.4
523,Labuhan,ID,2022-02-05 03:25:08,-6.8844,112.2051,84.27,71,32,8.48
524,Codrington,AU,2022-02-05 03:24:43,-38.2667,141.9667,71.47,53,98,19.3
525,Broken Hill,AU,2022-02-05 03:25:08,-31.95,141.4333,80.31,28,29,13.8
526,Aksarka,RU,2022-02-05 03:25:09,66.5606,67.7975,-1.23,100,87,2.01
527,Asau,RO,2022-02-05 03:25:09,46.4333,26.4,22.28,74,41,6.15
528,Ahipara,NZ,2022-02-05 03:25:10,-35.1667,173.1667,71.1,96,91,14.23
529,Puteyets,RU,2022-02-05 03:25:10,65.1716,57.091,2.08,98,100,3.83
530,Saint-Remi,CA,2022-02-05 03:25:10,45.2668,-73.6159,11.62,87,100,2.3
531,Uyovu,TZ,2022-02-05 03:25:11,-3.2833,31.5258,61.21,97,100,3.85
532,Amazar,RU,2022-02-05 03:26:11,53.858,120.875,10.11,59,100,8.32
533,Roebourne,AU,2022-02-05 03:26:12,-20.7833,117.1333,92.39,54,65,17.45
534,Batticaloa,LK,2022-02-05 03:26:12,7.7102,81.6924,76.62,75,84,2.37
535,Behbahan,IR,2022-02-05 03:26:13,30.5959,50.2417,56.52,85,52,4.85
536,Gracac,HR,2022-02-05 03:26:13,44.3006,15.8547,42.39,90,100,3.87
537,Aguimes,ES,2022-02-05 03:26:13,27.9054,-15.4461,64.65,36,0,4.61
538,Laguna,US,2022-02-05 03:26:14,38.421,-121.4238,57.04,61,0,1.01
539,Tessalit,ML,2022-02-05 03:26:14,20.1986,1.0114,56.68,19,0,10.78
540,Oranjemund,NA,2022-02-05 03:26:15,-28.55,16.4333,63.32,87,25,8.81
541,Puerto Del Rosario,ES,2022-02-05 03:26:15,28.5004,-13.8627,67.75,56,94,5.75
542,Biltine,TD,2022-02-05 03:26:15,14.5333,20.9167,60.42,23,5,18.41
543,Diego De Almagro,CL,2022-02-05 03:26:16,-26.3667,-70.05,63.81,46,0,0.78
544,Marsala,IT,2022-02-05 03:26:16,37.7966,12.4352,53.55,93,40,6.91
545,Solnechnyy,RU,2022-02-05 03:26:17,50.7214,136.6319,8.11,88,100,2.53
546,Vanavara,RU,2022-02-05 03:26:17,60.34,102.2797,9.23,94,100,6.46
547,Sajanan,TN,2022-02-05 03:26:17,37.0573,9.2426,55.67,71,100,9.22
548,Naze,JP,2022-02-05 03:26:18,28.3667,129.4833,58.12,64,98,17.29
549,Tura,IN,2022-02-05 03:26:18,25.5198,90.2201,57.74,85,31,2.26
550,Brigantine,US,2022-02-05 03:26:19,39.4101,-74.3646,34.14,93,100,11.5
551,Kavaratti,IN,2022-02-05 03:26:19,10.5669,72.642,77.68,59,82,4.74
552,Ust-Charyshskaya Pristan,RU,2022-02-05 03:26:20,52.3934,83.6635,-6.07,99,54,1.72
553,Yinchuan,CN,2022-02-05 03:26:20,38.4681,106.2731,21.45,30,100,7.92
554,Homer,US,2022-02-05 03:26:21,59.6425,-151.5483,30.07,92,0,5.75
555,Nicoya,CR,2022-02-05 03:26:21,10.1483,-85.452,78.35,75,23,8.5
556,Roma,US,2022-02-05 03:26:21,43.2128,-75.4557,13.95,92,100,5.75
557,Tiznit,MA,2022-02-05 03:26:22,29.5833,-9.5,61.39,33,100,5.39
558,Sarahan,IN,2022-02-05 03:26:22,31.5167,77.8,26.29,59,0,10.09
559,Mirpur Khas,PK,2022-02-05 03:26:23,25.5251,69.0159,59.61,54,0,6.08
560,Opuwo,NA,2022-02-05 03:26:23,-18.0607,13.84,65.19,56,72,3.22
561,Katsuura,JP,2022-02-05 03:24:44,35.1333,140.3,46.51,41,97,11.21
562,Nouadhibou,MR,2022-02-05 03:26:24,20.931,-17.0347,66.04,67,4,13.24
563,Dali,CN,2022-02-05 03:26:24,25.7,100.1833,55.02,40,12,5.23
564,Matay,EG,2022-02-05 03:26:24,28.419,30.7792,47.71,78,3,5.48
565,Caldas Novas,BR,2022-02-05 03:26:25,-17.7417,-48.625,69.6,88,78,1.52
566,Sabha,LY,2022-02-05 03:26:25,27.0377,14.4283,48.07,36,0,5.97
567,Odweyne,SO,2022-02-05 03:26:26,9.4092,45.064,61.12,46,3,5.93
568,Kavieng,PG,2022-02-05 03:23:12,-2.5744,150.7967,83.97,70,100,6.8
569,Lasa,IT,2022-02-05 03:26:26,46.6166,10.7002,40.46,93,28,7.74
570,Betafo,MG,2022-02-05 03:26:27,-19.8333,46.85,62.73,97,100,3.94
571,Anchorage,US,2022-02-05 03:23:38,61.2181,-149.9003,26.92,90,20,0.0
572,Bandar,ID,2022-02-05 03:26:27,2.05,99.75,79.14,86,100,2.73
573,Nara,JP,2022-02-05 03:26:28,34.6851,135.8049,42.12,62,81,16.37
574,Atar,MR,2022-02-05 03:26:28,20.5169,-13.0499,68.79,12,20,6.02
575,Hobyo,SO,2022-02-05 03:22:48,5.3505,48.5268,74.14,71,18,13.82
576,Maua,BR,2022-02-05 03:26:29,-23.6678,-46.4614,71.4,93,94,4.88
577,Kungurtug,RU,2022-02-05 03:24:37,50.5994,97.5228,-5.91,91,36,1.3
578,Marrakesh,MA,2022-02-05 03:27:12,31.6315,-8.0083,57.27,47,20,3.44
579,Igarka,RU,2022-02-05 03:27:30,67.4667,86.5833,6.49,96,100,9.24
580,Piacabucu,BR,2022-02-05 03:27:30,-10.4056,-36.4344,78.22,76,29,8.43
581,Sadovoye,RU,2022-02-05 03:27:31,47.7764,44.5089,26.91,88,100,12.21
582,Snezhnogorsk,RU,2022-02-05 03:27:31,69.1933,33.2531,11.98,88,100,20.22
583,Kudahuvadhoo,MV,2022-02-05 03:27:31,2.6708,72.8944,81.7,73,17,10.56
584,Madang,PG,2022-02-05 03:27:32,-5.2246,145.7966,89.15,60,96,6.89
585,Markala,ML,2022-02-05 03:27:32,13.7021,-6.0659,68.61,14,3,9.33
586,Makakilo City,US,2022-02-05 03:26:45,21.3469,-158.0858,79.12,63,75,9.22
587,Tommot,RU,2022-02-05 03:27:32,58.9564,126.2925,0.5,89,100,6.73
588,Lompoc,US,2022-02-05 03:25:17,34.6391,-120.4579,57.13,74,0,0.0
589,Kimbe,PG,2022-02-05 03:24:08,-5.5502,150.1429,86.32,68,89,9.53
590,Curico,CL,2022-02-05 03:25:39,-34.9833,-71.2333,71.71,56,2,4.61
591,Thaton,MM,2022-02-05 03:27:34,16.9206,97.3714,81.03,48,73,4.27
592,Bontang,ID,2022-02-05 03:27:34,0.1333,117.5,83.08,69,100,6.51
593,Farkhor,TJ,2022-02-05 03:27:34,37.4922,69.4036,36.48,30,0,7.18
594,Saint-Georges,GD,2022-02-05 03:27:35,12.0564,-61.7485,76.68,83,40,6.91
595,Aksu,CN,2022-02-05 03:27:35,41.1231,80.2644,26.38,70,99,4.74
596,Vitim,RU,2022-02-05 03:27:35,59.4511,112.5578,9.97,92,100,7.2
597,Cumpas,MX,2022-02-05 03:27:36,29.9833,-109.7833,46.78,24,0,11.65
598,Sept-Iles,CA,2022-02-05 03:23:46,50.2001,-66.3821,-0.94,64,75,5.01
599,Porto Seguro,BR,2022-02-05 03:27:36,-16.4497,-39.0647,79.32,89,20,6.91
600,Richards Bay,ZA,2022-02-05 03:27:37,-28.783,32.0377,71.51,93,100,15.86
601,Neiafu,TO,2022-02-05 03:27:37,-18.65,-173.9833,81.28,83,75,6.91
602,Margate,GB,2022-02-05 03:27:38,51.3813,1.3862,39.96,82,1,4.0
603,Surgut,RU,2022-02-05 03:27:38,61.25,73.4167,17.78,86,75,4.47
604,Vila Velha,BR,2022-02-05 03:23:50,-20.3297,-40.2925,73.35,96,20,3.44
605,Sur,OM,2022-02-05 03:24:10,22.5667,59.5289,68.77,48,9,8.57
606,Voh,NC,2022-02-05 03:27:39,-20.9667,164.7,82.26,81,100,10.4
607,Cayenne,GF,2022-02-05 03:24:18,4.9333,-52.3333,80.1,87,100,7.0
608,Bereda,ES,2022-02-05 03:27:39,43.2686,-7.5406,46.0,100,93,5.19
609,Palmer,US,2022-02-05 03:27:40,42.1584,-72.3287,30.02,84,100,1.01
610,Cooper City,US,2022-02-05 03:27:40,26.0573,-80.2717,74.01,85,0,0.0
611,Paamiut,GL,2022-02-05 03:27:41,61.994,-49.6678,5.38,92,100,7.9
612,Port Keats,AU,2022-02-05 03:27:41,-14.25,129.55,85.98,66,49,7.83
613,Strezhevoy,RU,2022-02-05 03:26:01,60.7333,77.5889,21.18,95,100,8.3
614,Kalmunai,LK,2022-02-05 03:22:52,7.4167,81.8167,76.93,74,84,0.98
615,Puerto Colombia,CO,2022-02-05 03:27:42,10.9878,-74.9547,78.89,81,4,31.12
616,Itarema,BR,2022-02-05 03:22:49,-2.9248,-39.9167,79.03,80,65,10.63
617,Stromness,GB,2022-02-05 03:27:42,58.965,-3.296,37.36,68,74,31.68
618,Bairiki,KI,2022-02-05 03:28:43,1.3292,172.9752,87.8,70,40,13.8
619,Bathsheba,BB,2022-02-05 03:28:43,13.2167,-59.5167,75.81,69,20,13.8
620,Thinadhoo,MV,2022-02-05 03:28:44,0.5333,72.9333,81.86,71,100,11.23
621,San Miguel De Cauri,PE,2022-02-05 03:28:44,-10.1,-76.5833,46.72,92,100,1.77
622,Hofn,IS,2022-02-05 03:28:45,64.2539,-15.2082,25.63,65,100,13.73
623,Opopeo,MX,2022-02-05 03:28:45,19.4,-101.6,50.04,59,1,1.39
624,Jiquilisco,SV,2022-02-05 03:28:45,13.3167,-88.5833,80.58,74,70,5.23
625,Nishihara,JP,2022-02-05 03:27:41,26.1842,127.7558,62.26,57,75,14.97
626,Tanout,NE,2022-02-05 03:28:46,14.9709,8.8879,52.52,23,0,13.24
627,Petukhovo,RU,2022-02-05 03:28:46,55.0692,67.9019,18.37,81,100,9.26
628,Mikuni,JP,2022-02-05 03:28:47,36.2171,136.1519,33.71,70,100,16.71
629,Khani,GE,2022-02-05 03:28:47,41.9563,42.9566,26.17,99,99,7.65
630,Ust-Kuyga,RU,2022-02-05 03:28:48,70.0167,135.6,-34.35,100,99,4.74
631,Chontalpa,MX,2022-02-05 03:28:48,17.7,-93.5167,64.81,94,100,15.26
632,San Lazaro,BZ,2022-02-05 03:28:48,18.0387,-88.6622,71.56,91,0,2.55
633,Luganville,VU,2022-02-05 03:28:49,-15.5333,167.1667,81.9,81,100,4.23
634,Cacu,BR,2022-02-05 03:28:49,-18.5567,-51.1308,72.1,83,95,3.44
635,Noumea,NC,2022-02-05 03:28:50,-22.2763,166.4572,87.78,73,100,7.54
636,Santa Rosa,PH,2022-02-05 03:28:50,14.3122,121.1114,87.78,66,37,18.84
637,General Roca,AR,2022-02-05 03:28:50,-39.0333,-67.5833,63.0,61,58,18.66
638,Isangel,VU,2022-02-05 03:28:51,-19.55,169.2667,75.31,94,100,4.61
639,Waipawa,NZ,2022-02-05 03:28:51,-41.4122,175.5153,56.44,93,100,10.0
640,Saint-Ambroise,CA,2022-02-05 03:28:52,48.5501,-71.3324,-3.51,93,100,1.12
641,Pokrovsk,UA,2022-02-05 03:28:52,48.282,37.1758,12.13,97,91,6.91
642,Keti Bandar,PK,2022-02-05 03:28:52,24.1447,67.4497,69.4,55,1,6.46
643,San Andres,CO,2022-02-05 03:24:03,12.5847,-81.7006,80.62,74,20,9.22
644,Amuntai,ID,2022-02-05 03:28:53,-2.4177,115.2494,83.64,78,100,0.81
645,Suntar,RU,2022-02-05 03:28:53,62.1444,117.6319,-3.68,95,100,2.17
646,Neryungri,RU,2022-02-05 03:28:54,56.6709,124.6491,-0.96,92,100,11.95
647,Ferrol,ES,2022-02-05 03:28:54,43.4832,-8.2369,50.36,85,99,12.17
648,Sitamau,IN,2022-02-05 03:28:54,24.0167,75.35,59.22,28,0,1.03
649,Tshela,CD,2022-02-05 03:28:55,-4.9833,12.9333,70.05,99,98,0.63
650,Tabou,CI,2022-02-05 03:28:55,4.423,-7.3528,78.31,83,34,4.83
651,Xining,CN,2022-02-05 03:25:54,36.6167,101.7667,14.99,83,100,2.68
652,Tuy Hoa,VN,2022-02-05 03:28:56,13.0833,109.3,75.7,87,63,16.51
653,Tilichiki,RU,2022-02-05 03:28:56,60.4667,166.1,-0.62,74,100,9.19
654,Miri,MY,2022-02-05 03:28:57,4.4148,114.0089,86.14,74,40,6.91
655,Korla,CN,2022-02-05 03:28:57,41.7597,86.1469,26.37,44,100,5.7
656,Nassau,US,2022-02-05 03:28:57,40.7507,-73.5829,30.7,79,100,5.01
657,Lata,PT,2022-02-05 03:28:58,40.1629,-8.3327,47.05,96,73,1.86
658,Villamontes,BO,2022-02-05 03:28:58,-21.25,-63.5,79.54,71,100,2.13
659,Kupang,ID,2022-02-05 03:28:58,-10.1667,123.5833,83.88,74,27,9.57
660,Xapuri,BR,2022-02-05 03:28:59,-10.6517,-68.5044,73.2,95,95,2.66
661,Taoudenni,ML,2022-02-05 03:28:59,22.6783,-3.9836,63.3,15,24,9.44
662,Yashkul,RU,2022-02-05 03:28:59,46.1711,45.3435,33.46,83,100,12.41
663,Ariquemes,BR,2022-02-05 03:30:00,-9.9133,-63.0408,72.19,98,81,2.64
664,Kirkenaer,NO,2022-02-05 03:30:00,60.4564,12.0582,29.68,92,38,4.54
665,Naron,ES,2022-02-05 03:30:01,43.5167,-8.1528,50.68,74,94,10.0
666,Hay River,CA,2022-02-05 03:25:55,60.8156,-115.7999,-13.02,77,75,6.91
667,Bilibino,RU,2022-02-05 03:30:02,68.0546,166.4372,-6.81,83,0,5.08
668,Sao Felix Do Xingu,BR,2022-02-05 03:30:02,-6.6447,-51.995,71.2,95,72,1.43
669,Evensk,RU,2022-02-05 03:30:03,61.95,159.2333,17.8,44,3,17.96
670,Honningsvag,NO,2022-02-05 03:30:03,70.9821,25.9704,21.29,77,99,27.45
671,Terrak,NO,2022-02-05 03:30:04,65.087,12.3715,37.27,96,99,10.51
672,Lyambir,RU,2022-02-05 03:30:04,54.2817,45.1249,17.53,95,100,8.08
673,Lucea,JM,2022-02-05 03:27:59,18.451,-78.1736,76.86,80,3,11.18
674,State College,US,2022-02-05 03:26:54,40.7934,-77.86,25.99,86,100,0.0
675,Damghan,IR,2022-02-05 03:30:05,36.1683,54.348,41.52,50,2,2.35
676,Huai Yot,TH,2022-02-05 03:30:06,7.7893,99.6348,85.62,59,30,14.99
677,Doha,QA,2022-02-05 03:28:48,25.2867,51.5333,66.18,77,0,8.05
678,Watsa,CD,2022-02-05 03:30:06,3.0372,29.5355,68.52,45,99,1.5
679,Salym,RU,2022-02-05 03:30:07,60.0625,71.4789,18.66,97,100,1.95
680,Sayyan,YE,2022-02-05 03:30:07,15.1718,44.3244,51.85,78,52,2.68
681,Tirumakudal Narsipur,IN,2022-02-05 03:29:55,12.21,76.9064,69.24,53,63,1.95
682,Caxito,AO,2022-02-05 03:30:08,-8.5785,13.6643,75.85,90,99,1.7
683,Salalah,OM,2022-02-05 03:30:09,17.0151,54.0924,71.69,68,75,2.3
684,Kanniyakumari,IN,2022-02-05 03:30:09,8.0833,77.5667,80.13,73,31,4.29
685,Znamenskoye,RU,2022-02-05 03:30:09,57.1281,73.8282,19.4,86,100,6.58
686,Fort Nelson,CA,2022-02-05 03:30:10,58.8053,-122.7002,-9.81,70,100,3.44
687,Muros,ES,2022-02-05 03:30:10,42.7762,-9.0603,52.09,79,69,14.36
688,Monroe,US,2022-02-05 03:27:50,43.1501,-77.6831,18.19,90,100,5.75
689,Sao Filipe,CV,2022-02-05 03:30:11,14.8961,-24.4956,73.11,70,0,11.7
690,Lorengau,PG,2022-02-05 03:28:12,-2.0226,147.2712,85.17,63,98,8.79
691,Galle,LK,2022-02-05 03:30:12,6.0367,80.217,80.49,70,33,2.75
692,Pallasovka,RU,2022-02-05 03:30:12,50.05,46.8833,16.59,94,94,8.08
693,Jingdezhen,CN,2022-02-05 03:30:13,29.2947,117.2079,49.37,55,3,4.29
694,Puerto Madero,MX,2022-02-05 03:30:13,14.7208,-92.4215,71.8,100,0,0.0
695,Paita,PE,2022-02-05 03:30:14,-5.0892,-81.1144,71.17,83,47,10.36
696,Canico,PT,2022-02-05 03:30:14,32.6333,-16.85,65.71,82,20,6.91
697,Ravar,IR,2022-02-05 03:30:14,31.2656,56.8055,58.95,31,82,4.54
698,Russellville,US,2022-02-05 03:28:08,35.2784,-93.1338,29.93,74,0,0.0
699,Minab,IR,2022-02-05 03:30:15,27.1467,57.0801,58.5,71,0,3.58
700,Belem De Sao Francisco,BR,2022-02-05 03:30:15,-8.7539,-38.9658,76.6,65,90,14.7
701,Macklin,CA,2022-02-05 03:30:16,52.3334,-109.9348,20.53,97,100,2.19
702,Bonthe,SL,2022-02-05 03:30:16,7.5264,-12.505,74.1,87,13,2.98
703,Akureyri,IS,2022-02-05 03:29:11,65.6835,-18.0878,12.13,92,100,1.14
704,Zhaoqing,CN,2022-02-05 03:30:17,23.0512,112.4597,57.99,54,0,5.37
705,Krutinka,RU,2022-02-05 03:30:17,56.0055,71.5113,19.62,80,100,9.46
706,Eydhafushi,MV,2022-02-05 03:30:18,5.1033,73.0708,81.73,66,67,9.73
707,Yatou,CN,2022-02-05 03:30:18,37.15,122.3833,31.21,36,76,16.2
708,Shakawe,BW,2022-02-05 03:31:18,-18.3667,21.85,65.53,95,87,4.0
709,Manjakandriana,MG,2022-02-05 03:31:19,-18.9167,47.8,64.09,83,100,11.32
710,Kota Tinggi,MY,2022-02-05 03:31:19,1.7381,103.8999,86.9,58,93,10.76
711,Lahaina,US,2022-02-05 03:31:20,20.8783,-156.6825,79.84,85,7,6.31
712,Batemans Bay,AU,2022-02-05 03:30:08,-35.7167,150.1833,73.2,56,61,12.48
713,San Jose,US,2022-02-05 03:26:24,37.3394,-121.895,57.27,59,40,4.61
714,Kachiry,KZ,2022-02-05 03:31:20,53.0675,76.1036,7.57,83,33,7.92
715,Vardo,NO,2022-02-05 03:31:21,70.3705,31.1107,21.29,90,100,25.39
716,Nanchang,CN,2022-02-05 03:31:21,28.6833,115.8833,49.21,55,6,7.83
717,La Cruz,MX,2022-02-05 03:31:22,23.9167,-106.9,61.47,70,0,7.11
718,Dong Hoi,VN,2022-02-05 03:31:22,17.4833,106.6,63.93,85,99,14.03
719,Mbanza-Ngungu,CD,2022-02-05 03:31:23,-5.25,14.8667,65.46,99,55,3.09
720,Zhanaozen,KZ,2022-02-05 03:31:23,43.3,52.8,39.49,87,100,10.29
721,Fethiye,TR,2022-02-05 03:31:23,36.6217,29.1164,42.67,45,0,7.94
722,Lexington,US,2022-02-05 03:29:43,37.9887,-84.4777,24.94,86,100,6.91
723,Palaiokomi,GR,2022-02-05 03:31:24,40.8667,23.9,39.69,70,3,3.24
724,Najran,SA,2022-02-05 03:31:24,17.4924,44.1277,65.05,70,2,6.58
725,Pudozh,RU,2022-02-05 03:31:24,61.8099,36.5345,6.75,94,92,6.96
726,North Platte,US,2022-02-05 03:27:55,41.1239,-100.7654,30.09,58,0,1.01
727,Livingston,GB,2022-02-05 03:30:38,55.9029,-3.5226,39.27,82,75,14.97
728,Myanaung,MM,2022-02-05 03:31:25,18.2833,95.3167,83.98,39,70,6.17
729,Santa Cruz Cabralia,BR,2022-02-05 03:31:26,-16.2781,-39.0247,79.03,89,20,6.91
730,North Bend,US,2022-02-05 03:31:26,43.4065,-124.2243,49.06,99,100,3.44
